{
  "root" : {
    "__class" : "RootNode",
    "children" : [
      {
        "__class" : "FrameNode",
        "aspectRatio" : null,
        "blendingEnabled" : 0,
        "blendingMode" : "normal",
        "blur" : 12,
        "blurEnabled" : 0,
        "blurType" : "layer",
        "borderBottom" : 1,
        "borderColor" : "#222",
        "borderEnabled" : 0,
        "borderLeft" : 1,
        "borderPerSide" : false,
        "borderRight" : 1,
        "borderStyle" : "solid",
        "borderTop" : 1,
        "borderWidth" : 1,
        "bottom" : null,
        "boxShadows" : [

        ],
        "brightness" : 100,
        "brightnessEnabled" : 0,
        "centerAnchorX" : 0,
        "centerAnchorY" : 0,
        "children" : [
          {
            "__class" : "CodeComponentNode",
            "aspectRatio" : null,
            "blur" : 12,
            "blurEnabled" : 0,
            "blurType" : "layer",
            "borderBottom" : 1,
            "borderColor" : "#222",
            "borderEnabled" : 0,
            "borderLeft" : 1,
            "borderPerSide" : false,
            "borderRight" : 1,
            "borderStyle" : "solid",
            "borderTop" : 1,
            "borderWidth" : 1,
            "bottom" : null,
            "boxShadows" : [

            ],
            "brightness" : 100,
            "brightnessEnabled" : 0,
            "centerAnchorX" : 0.15972222222222221,
            "centerAnchorY" : 0.25444444444444442,
            "children" : [

            ],
            "clip" : true,
            "codeComponentIdentifier" : ".\/sidebar.tsx_sidebar",
            "codeComponentProps" : {
              "selected" : "hsl(0, 9%, 65%)"
            },
            "codeOverrideEnabled" : false,
            "constraintsLocked" : false,
            "contrast" : 100,
            "contrastEnabled" : 0,
            "exportOptions" : [

            ],
            "fillColor" : "rgba(255,255,255,1)",
            "fillEnabled" : false,
            "fillGradient" : {
              "__class" : "LinearGradient",
              "alpha" : 1,
              "angle" : 0,
              "end" : "rgba(0,0,0,0)",
              "start" : "black"
            },
            "fillImage" : null,
            "fillImagePixelHeight" : null,
            "fillImagePixelWidth" : null,
            "fillImageResize" : "fill",
            "fillType" : "color",
            "grayscale" : 0,
            "grayScaleEnabled" : 0,
            "height" : 330,
            "heightType" : 0,
            "hueRotate" : 0,
            "hueRotateEnabled" : 0,
            "id" : "cSmdmsQYV",
            "intrinsicHeight" : null,
            "intrinsicWidth" : null,
            "invert" : 0,
            "invertEnabled" : 0,
            "left" : 120,
            "locked" : false,
            "name" : null,
            "opacity" : 1,
            "originalid" : null,
            "parentid" : "dpVfS7cCo",
            "radius" : 0,
            "radiusBottomLeft" : 0,
            "radiusBottomRight" : 0,
            "radiusIsRelative" : false,
            "radiusPerCorner" : false,
            "radiusTopLeft" : 0,
            "radiusTopRight" : 0,
            "right" : null,
            "rotation" : 0,
            "saturate" : 100,
            "saturateEnabled" : 0,
            "sepia" : 0,
            "sepiaEnabled" : 0,
            "top" : 64,
            "visible" : true,
            "width" : 220,
            "widthType" : 0
          },
          {
            "__class" : "FrameNode",
            "aspectRatio" : null,
            "blendingEnabled" : 0,
            "blendingMode" : "normal",
            "blur" : 12,
            "blurEnabled" : 0,
            "blurType" : "layer",
            "borderBottom" : 1,
            "borderColor" : "#222",
            "borderEnabled" : 0,
            "borderLeft" : 1,
            "borderPerSide" : false,
            "borderRight" : 1,
            "borderStyle" : "solid",
            "borderTop" : 1,
            "borderWidth" : 1,
            "bottom" : null,
            "boxShadows" : [

            ],
            "brightness" : 100,
            "brightnessEnabled" : 0,
            "centerAnchorX" : 0.58472222222222225,
            "centerAnchorY" : 0.36277777777777775,
            "children" : [

            ],
            "clip" : false,
            "codeOverrideEnabled" : false,
            "constraintsLocked" : false,
            "contrast" : 100,
            "contrastEnabled" : 0,
            "deviceType" : null,
            "exportOptions" : [

            ],
            "fillColor" : "rgb(255, 255, 255)",
            "fillEnabled" : true,
            "fillGradient" : {
              "__class" : "LinearGradient",
              "alpha" : 1,
              "angle" : 0,
              "end" : "rgba(0,0,0,0)",
              "start" : "black"
            },
            "fillImage" : null,
            "fillImagePixelHeight" : null,
            "fillImagePixelWidth" : null,
            "fillImageResize" : "fill",
            "fillType" : "color",
            "grayscale" : 0,
            "grayScaleEnabled" : 0,
            "height" : 525,
            "heightType" : 0,
            "hueRotate" : 0,
            "hueRotateEnabled" : 0,
            "id" : "ftdQVYbgY",
            "intrinsicHeight" : null,
            "intrinsicWidth" : null,
            "invert" : 0,
            "invertEnabled" : 0,
            "isExternalMaster" : null,
            "isMaster" : false,
            "isTarget" : false,
            "left" : null,
            "locked" : false,
            "name" : null,
            "navigationTarget" : null,
            "navigationTransition" : "push",
            "navigationTransitionBackdropColor" : "rgba(4,4,15,.4)",
            "navigationTransitionDirection" : "left",
            "opacity" : 1,
            "originalid" : null,
            "parentid" : "dpVfS7cCo",
            "previewSettings" : null,
            "radius" : 6,
            "radiusBottomLeft" : 6,
            "radiusBottomRight" : 6,
            "radiusIsRelative" : false,
            "radiusPerCorner" : false,
            "radiusTopLeft" : 6,
            "radiusTopRight" : 6,
            "replicaInfo" : null,
            "right" : 120,
            "rotation" : 0,
            "saturate" : 100,
            "saturateEnabled" : 0,
            "sepia" : 0,
            "sepiaEnabled" : 0,
            "top" : 64,
            "visible" : true,
            "width" : 956,
            "widthType" : 0
          }
        ],
        "clip" : true,
        "codeOverrideEnabled" : false,
        "constraintsLocked" : false,
        "contrast" : 100,
        "contrastEnabled" : 0,
        "deviceType" : "framer\/FramerAppleMacBookPro",
        "exportOptions" : [

        ],
        "fillColor" : "#FAFAFA",
        "fillEnabled" : true,
        "fillGradient" : {
          "__class" : "LinearGradient",
          "alpha" : 1,
          "angle" : 0,
          "end" : "rgba(0,0,0,0)",
          "start" : "black"
        },
        "fillImage" : null,
        "fillImagePixelHeight" : null,
        "fillImagePixelWidth" : null,
        "fillImageResize" : "fill",
        "fillType" : "color",
        "grayscale" : 0,
        "grayScaleEnabled" : 0,
        "height" : 900,
        "heightType" : 0,
        "hueRotate" : 0,
        "hueRotateEnabled" : 0,
        "id" : "dpVfS7cCo",
        "intrinsicHeight" : null,
        "intrinsicWidth" : null,
        "invert" : 0,
        "invertEnabled" : 0,
        "isExternalMaster" : null,
        "isMaster" : false,
        "isTarget" : false,
        "left" : 0,
        "locked" : false,
        "name" : null,
        "navigationTarget" : null,
        "navigationTransition" : "push",
        "navigationTransitionBackdropColor" : "rgba(4,4,15,.4)",
        "navigationTransitionDirection" : "left",
        "opacity" : 1,
        "originalid" : null,
        "parentid" : "qgXtf9hnv",
        "previewSettings" : null,
        "radius" : 0,
        "radiusBottomLeft" : 0,
        "radiusBottomRight" : 0,
        "radiusIsRelative" : false,
        "radiusPerCorner" : false,
        "radiusTopLeft" : 0,
        "radiusTopRight" : 0,
        "replicaInfo" : null,
        "right" : null,
        "rotation" : 0,
        "saturate" : 100,
        "saturateEnabled" : 0,
        "sepia" : 0,
        "sepiaEnabled" : 0,
        "top" : 0,
        "visible" : true,
        "width" : 1440,
        "widthType" : 0
      },
      {
        "__class" : "FrameNode",
        "aspectRatio" : null,
        "blendingEnabled" : 0,
        "blendingMode" : "normal",
        "blur" : 12,
        "blurEnabled" : 0,
        "blurType" : "layer",
        "borderBottom" : 1,
        "borderColor" : "#222",
        "borderEnabled" : 0,
        "borderLeft" : 1,
        "borderPerSide" : false,
        "borderRight" : 1,
        "borderStyle" : "solid",
        "borderTop" : 1,
        "borderWidth" : 1,
        "bottom" : null,
        "boxShadows" : [

        ],
        "brightness" : 100,
        "brightnessEnabled" : 0,
        "centerAnchorX" : 0.5,
        "centerAnchorY" : 0.026111111111111113,
        "children" : [

        ],
        "clip" : false,
        "codeOverrideEnabled" : false,
        "constraintsLocked" : false,
        "contrast" : 100,
        "contrastEnabled" : 0,
        "deviceType" : null,
        "exportOptions" : [

        ],
        "fillColor" : "rgba(0, 153, 255, 0.5)",
        "fillEnabled" : true,
        "fillGradient" : {
          "__class" : "LinearGradient",
          "alpha" : 1,
          "angle" : 0,
          "end" : "rgba(0,0,0,0)",
          "start" : "black"
        },
        "fillImage" : null,
        "fillImagePixelHeight" : null,
        "fillImagePixelWidth" : null,
        "fillImageResize" : "fill",
        "fillType" : "color",
        "grayscale" : 0,
        "grayScaleEnabled" : 0,
        "height" : 35,
        "heightType" : 0,
        "hueRotate" : 0,
        "hueRotateEnabled" : 0,
        "id" : "SAfJ75nJk",
        "intrinsicHeight" : null,
        "intrinsicWidth" : null,
        "invert" : 0,
        "invertEnabled" : 0,
        "isExternalMaster" : null,
        "isMaster" : false,
        "isTarget" : false,
        "left" : 120,
        "locked" : false,
        "name" : null,
        "navigationTarget" : null,
        "navigationTransition" : "push",
        "navigationTransitionBackdropColor" : "rgba(4,4,15,.4)",
        "navigationTransitionDirection" : "left",
        "opacity" : 1,
        "originalid" : null,
        "parentid" : "qgXtf9hnv",
        "previewSettings" : null,
        "radius" : 0,
        "radiusBottomLeft" : 0,
        "radiusBottomRight" : 0,
        "radiusIsRelative" : false,
        "radiusPerCorner" : false,
        "radiusTopLeft" : 0,
        "radiusTopRight" : 0,
        "replicaInfo" : null,
        "right" : null,
        "rotation" : 0,
        "saturate" : 100,
        "saturateEnabled" : 0,
        "sepia" : 0,
        "sepiaEnabled" : 0,
        "top" : -81,
        "visible" : true,
        "width" : 1200,
        "widthType" : 0
      }
    ],
    "id" : "qgXtf9hnv",
    "name" : null,
    "originalid" : null,
    "parentid" : null,
    "visible" : false
  },
  "version" : 47
}